part_number,price,days_to_ship,minimum_order_qty,inner_dia_d,outer_dia_d,width_b,basic_load_rating_cr,basic_load_rating_cor,weight,page_url
6803ZZ,"28,769 VND",same day,,,,,,,,https://vn.misumi-ec.com/vona2/detail/110310367019/?KWSearch=bearing&searchFlow=results2products&list=PageSearchResult
6809ZZ,"28,769 VND",same day,,45,58,3770,,,47,https://vn.misumi-ec.com/vona2/detail/110310367019/?KWSearch=bearing&searchFlow=results2products&list=PageSearchResult
6806ZZ,"28,769 VND",same day,,30,42,2560,,,32,https://vn.misumi-ec.com/vona2/detail/110310367019/?KWSearch=bearing&searchFlow=results2products&list=PageSearchResult
6204ZZ,"28,769 VND",same day,,47,14,11000,,,28,https://vn.misumi-ec.com/vona2/detail/110310367019/?KWSearch=bearing&searchFlow=results2products&list=PageSearchResult
6805ZZ,"28,769 VND",same day,,25,37,2070,,,27,https://vn.misumi-ec.com/vona2/detail/110310367019/?KWSearch=bearing&searchFlow=results2products&list=PageSearchResult
6309ZZ,"28,769 VND",same day,,100,25,53,,,92,https://vn.misumi-ec.com/vona2/detail/110310367019/?KWSearch=bearing&searchFlow=results2products&list=PageSearchResult
6006ZZ,"28,769 VND",same day,,55,13,9000,,,37,https://vn.misumi-ec.com/vona2/detail/110310367019/?KWSearch=bearing&searchFlow=results2products&list=PageSearchResult
6305ZZ,"28,769 VND",same day,,62,17,8000,,,36,https://vn.misumi-ec.com/vona2/detail/110310367019/?KWSearch=bearing&searchFlow=results2products&list=PageSearchResult
6008ZZ,"28,769 VND",same day,,68,15,7000,,,47,https://vn.misumi-ec.com/vona2/detail/110310367019/?KWSearch=bearing&searchFlow=results2products&list=PageSearchResult
6903ZZ,"28,769 VND",same day,,30,7,20,,,18,https://vn.misumi-ec.com/vona2/detail/110310367019/?KWSearch=bearing&searchFlow=results2products&list=PageSearchResult
6300ZZ,"28,769 VND",same day,,35,11,16.5,,,52,https://vn.misumi-ec.com/vona2/detail/110310367019/?KWSearch=bearing&searchFlow=results2products&list=PageSearchResult
6807ZZ,"28,769 VND",same day,,35,47,2840,,,37,https://vn.misumi-ec.com/vona2/detail/110310367019/?KWSearch=bearing&searchFlow=results2products&list=PageSearchResult
6907ZZ,"28,769 VND",same day,,55,10,8000,,,40,https://vn.misumi-ec.com/vona2/detail/110310367019/?KWSearch=bearing&searchFlow=results2products&list=PageSearchResult
6007ZZ,"28,769 VND",same day,,62,14,40,,,57,https://vn.misumi-ec.com/vona2/detail/110310367019/?KWSearch=bearing&searchFlow=results2products&list=PageSearchResult
6910ZZ,"28,769 VND",same day,,72,12,6000,,,55,https://vn.misumi-ec.com/vona2/detail/110310367019/?KWSearch=bearing&searchFlow=results2products&list=PageSearchResult
6904ZZ,"28,769 VND",same day,,37,9,24,,,36,https://vn.misumi-ec.com/vona2/detail/110310367019/?KWSearch=bearing&searchFlow=results2products&list=PageSearchResult
6209ZZ,"28,769 VND",same day,,85,19,5000,,,55.5,https://vn.misumi-ec.com/vona2/detail/110310367019/?KWSearch=bearing&searchFlow=results2products&list=PageSearchResult
6303ZZ,"28,769 VND",same day,,47,14,11000,,,25.5,https://vn.misumi-ec.com/vona2/detail/110310367019/?KWSearch=bearing&searchFlow=results2products&list=PageSearchResult
6302ZZ,"28,769 VND",same day,,42,13,12000,,,22.5,https://vn.misumi-ec.com/vona2/detail/110310367019/?KWSearch=bearing&searchFlow=results2products&list=PageSearchResult
6304ZZ,"28,769 VND",same day,,52,15,10000,,,45.5,https://vn.misumi-ec.com/vona2/detail/110310367019/?KWSearch=bearing&searchFlow=results2products&list=PageSearchResult
6000ZZ,"28,769 VND",same day,,26,8,13.5,,,19,https://vn.misumi-ec.com/vona2/detail/110310367019/?KWSearch=bearing&searchFlow=results2products&list=PageSearchResult
6207ZZ,"28,769 VND",same day,,72,17,7000,,,45,https://vn.misumi-ec.com/vona2/detail/110310367019/?KWSearch=bearing&searchFlow=results2products&list=PageSearchResult
6001ZZ,"28,769 VND",same day,,28,8,16,,,21,https://vn.misumi-ec.com/vona2/detail/110310367019/?KWSearch=bearing&searchFlow=results2products&list=PageSearchResult
6702ZZ,"28,769 VND",same day,,15,21,410,,,15.4,https://vn.misumi-ec.com/vona2/detail/110310367019/?KWSearch=bearing&searchFlow=results2products&list=PageSearchResult
6202ZZ,"28,769 VND",same day,,35,11,14000,,,20,https://vn.misumi-ec.com/vona2/detail/110310367019/?KWSearch=bearing&searchFlow=results2products&list=PageSearchResult
6802ZZ,"28,769 VND",same day,,24,5,20000,,,17.5,https://vn.misumi-ec.com/vona2/detail/110310367019/?KWSearch=bearing&searchFlow=results2products&list=PageSearchResult
6307ZZ,"28,769 VND",same day,,80,21,6000,,,47,https://vn.misumi-ec.com/vona2/detail/110310367019/?KWSearch=bearing&searchFlow=results2products&list=PageSearchResult
6208ZZ,"28,769 VND",same day,,80,18,6000,,,51,https://vn.misumi-ec.com/vona2/detail/110310367019/?KWSearch=bearing&searchFlow=results2products&list=PageSearchResult
6206ZZ,"28,769 VND",same day,,62,16,39,,,199,https://vn.misumi-ec.com/vona2/detail/110310367019/?KWSearch=bearing&searchFlow=results2products&list=PageSearchResult
6703ZZ,"28,769 VND",same day,,17,23,460,,,17.4,https://vn.misumi-ec.com/vona2/detail/110310367019/?KWSearch=bearing&searchFlow=results2products&list=PageSearchResult
6909ZZ,"28,769 VND",same day,,68,12,7000,,,50,https://vn.misumi-ec.com/vona2/detail/110310367019/?KWSearch=bearing&searchFlow=results2products&list=PageSearchResult
6205ZZ,"28,769 VND",same day,,52,15,9000,,,32,https://vn.misumi-ec.com/vona2/detail/110310367019/?KWSearch=bearing&searchFlow=results2products&list=PageSearchResult
6306ZZ,"28,769 VND",same day,,72,19,7000,,,42.5,https://vn.misumi-ec.com/vona2/detail/110310367019/?KWSearch=bearing&searchFlow=results2products&list=PageSearchResult
6701ZZ,"28,769 VND",same day,,12,18,370,,,12.4,https://vn.misumi-ec.com/vona2/detail/110310367019/?KWSearch=bearing&searchFlow=results2products&list=PageSearchResult
6310ZZ,"28,769 VND",same day,,110,27,4000,,,68,https://vn.misumi-ec.com/vona2/detail/110310367019/?KWSearch=bearing&searchFlow=results2products&list=PageSearchResult
6004ZZ,"28,769 VND",same day,,42,12,24,,,38,https://vn.misumi-ec.com/vona2/detail/110310367019/?KWSearch=bearing&searchFlow=results2products&list=PageSearchResult
6905ZZ,"28,769 VND",same day,,42,9,29,,,42,https://vn.misumi-ec.com/vona2/detail/110310367019/?KWSearch=bearing&searchFlow=results2products&list=PageSearchResult
6808ZZ,"28,769 VND",same day,,40,52,3080,,,42,https://vn.misumi-ec.com/vona2/detail/110310367019/?KWSearch=bearing&searchFlow=results2products&list=PageSearchResult
6700ZZ,"28,769 VND",same day,,6700,10,600,,,15000,https://vn.misumi-ec.com/vona2/detail/110310367019/?KWSearch=bearing&searchFlow=results2products&list=PageSearchResult
6908ZZ,"28,769 VND",same day,,62,12,44,,,58,https://vn.misumi-ec.com/vona2/detail/110310367019/?KWSearch=bearing&searchFlow=results2products&list=PageSearchResult
6210ZZ,"28,769 VND",same day,,90,20,56.5,,,83.5,https://vn.misumi-ec.com/vona2/detail/110310367019/?KWSearch=bearing&searchFlow=results2products&list=PageSearchResult
6200ZZ,"28,769 VND",same day,,30,9,17000,,,16,https://vn.misumi-ec.com/vona2/detail/110310367019/?KWSearch=bearing&searchFlow=results2products&list=PageSearchResult
6201ZZ,"28,769 VND",same day,,32,10,15000,,,17,https://vn.misumi-ec.com/vona2/detail/110310367019/?KWSearch=bearing&searchFlow=results2products&list=PageSearchResult
6203ZZ,"28,769 VND",same day,,40,12,12000,,,23,https://vn.misumi-ec.com/vona2/detail/110310367019/?KWSearch=bearing&searchFlow=results2products&list=PageSearchResult
6810ZZ,"28,769 VND",same day,,50,65,4260,,,52,https://vn.misumi-ec.com/vona2/detail/110310367019/?KWSearch=bearing&searchFlow=results2products&list=PageSearchResult
6900ZZ,"28,769 VND",same day,,22,6,13,,,9,https://vn.misumi-ec.com/vona2/detail/110310367019/?KWSearch=bearing&searchFlow=results2products&list=PageSearchResult
6009ZZ,"28,769 VND",same day,,75,16,6000,,,53.5,https://vn.misumi-ec.com/vona2/detail/110310367019/?KWSearch=bearing&searchFlow=results2products&list=PageSearchResult
6906ZZ,"28,769 VND",same day,,47,9,34,,,53,https://vn.misumi-ec.com/vona2/detail/110310367019/?KWSearch=bearing&searchFlow=results2products&list=PageSearchResult
6003ZZ,"28,769 VND",same day,,35,10,21,,,39,https://vn.misumi-ec.com/vona2/detail/110310367019/?KWSearch=bearing&searchFlow=results2products&list=PageSearchResult
6902ZZ,"28,769 VND",same day,,28,7,26,,,,https://vn.misumi-ec.com/vona2/detail/110310367019/?KWSearch=bearing&searchFlow=results2products&list=PageSearchResult
6308ZZ,"28,769 VND",same day,,90,23,5000,,,53,https://vn.misumi-ec.com/vona2/detail/110310367019/?KWSearch=bearing&searchFlow=results2products&list=PageSearchResult
6010ZZ,"28,769 VND",same day,,80,16,55,,,75,https://vn.misumi-ec.com/vona2/detail/110310367019/?KWSearch=bearing&searchFlow=results2products&list=PageSearchResult
6901ZZ,"28,769 VND",same day,,24,6,15,,,11,https://vn.misumi-ec.com/vona2/detail/110310367019/?KWSearch=bearing&searchFlow=results2products&list=PageSearchResult
6804ZZ,"28,769 VND",same day,,32,7,15000,,,22.5,https://vn.misumi-ec.com/vona2/detail/110310367019/?KWSearch=bearing&searchFlow=results2products&list=PageSearchResult
6704ZZ,"28,769 VND",same day,,20,27,510,,,20.4,https://vn.misumi-ec.com/vona2/detail/110310367019/?KWSearch=bearing&searchFlow=results2products&list=PageSearchResult
6301ZZ,"28,769 VND",same day,,37,12,14000,,,18,https://vn.misumi-ec.com/vona2/detail/110310367019/?KWSearch=bearing&searchFlow=results2products&list=PageSearchResult
6800ZZ,"28,769 VND",same day,,19,5,24000,,,12.5,https://vn.misumi-ec.com/vona2/detail/110310367019/?KWSearch=bearing&searchFlow=results2products&list=PageSearchResult
6005ZZ,"28,769 VND",same day,,47,12,29,,,43,https://vn.misumi-ec.com/vona2/detail/110310367019/?KWSearch=bearing&searchFlow=results2products&list=PageSearchResult
6801ZZ,"28,769 VND",same day,,21,5,22000,,,14.5,https://vn.misumi-ec.com/vona2/detail/110310367019/?KWSearch=bearing&searchFlow=results2products&list=PageSearchResult
6002ZZ,"28,769 VND",same day,,32,9,19,,,30,https://vn.misumi-ec.com/vona2/detail/110310367019/?KWSearch=bearing&searchFlow=results2products&list=PageSearchResult
